Employer Id;Name;Surname;Age;Sex;Date of employement
1;Ionut;Avram;25;M;2/15/2015
2;Alexandru;Badea;22;M;4/23/2013
3;Mihaela;Roman;28;F;10/10/2010
4;Elena;Gheorghe;30;F;8/3/2008
5;Gabriel;Begu;34;M;7/1/2005
6;Constantin;Dita;31;M;11/5/2006
7;Dana;Nicola;24;F;6/1/2014
8;Cristian;Apostu;30;M;5/1/2009
9;Andrei;Celan;32;M;10/1/2008
10;Maria;Coman;27;F;12/15/2011
11;Marius;Croitoru;33;M;3/10/2009
12;Cosmin;Dumitru;35;M;11/5/2004
13;Mihai;Mironica;40;M;6/20/2000
14;Vlad;Enache;38;M;8/15/2002
15;Ana;Goga;33;F;6/25/2013
16;Sorina;Dragan;29;F;9/12/2010
17;Claudiu;Luca;30;M;4/22/2011
18;Vali;Ionescu;32;M;3/15/2005
19;Simona;Halep;29;F;3/15/2005
20;Camelia;Popescu;25;F;5/30/2015
